{
  "project_info": {
    "project_number": "875855397560",
    "project_id": "billibat-flutter",
    "storage_bucket": "billibat-flutter.appspot.com"
  },
  "client": [
    {
      "client_info": {
        "mobilesdk_app_id": "1:875855397560:android:2dcb798ba82272dd21ea4d",
        "android_client_info": {
          "package_name": "pani04.jp.kt.billibat"
        }
      },
      "oauth_client": [
        {
          "client_id": "875855397560-scqmad2tnhoqd1oaec53oc40h52p5eln.apps.googleusercontent.com",
          "client_type": 3
        }
      ],
      "api_key": [
        {
          "current_key": "AIzaSyAshclf8Z7WPLIvwQTguodXn7WBMU8Ap3w"
        }
      ],
      "services": {
        "appinvite_service": {
          "other_platform_oauth_client": [
            {
              "client_id": "875855397560-scqmad2tnhoqd1oaec53oc40h52p5eln.apps.googleusercontent.com",
              "client_type": 3
            }
          ]
        }
      }
    }
  ],
  "configuration_version": "1"
}